ahwatukee.schoolofrock.com,ahwatukee
albany.schoolofrock.com,albany
albuquerque.schoolofrock.com,albuquerque
allentown.schoolofrock.com,allentown
annarbor.schoolofrock.com,annarbor
annapolis.schoolofrock.com,annapolis
arlingtonheights.schoolofrock.com,arlingtonheights
ashburn.schoolofrock.com,ashburn
atlanta.schoolofrock.com,atlanta
aurora.schoolofrock.com,aurora
austin.schoolofrock.com,austin
ballwin.schoolofrock.com,ballwin
baltimore.schoolofrock.com,baltimore
bedford.schoolofrock.com,bedford
westchester.schoolofrock.com,bedford
bellevue.schoolofrock.com,bellevue
bentonvillerogers.schoolofrock.com,rogers
bentonville.schoolofrock.com,rogers
rogers.schoolofrock.com,rogers
boston.schoolofrock.com,boston
boulder.schoolofrock.com,boulder
brooklyn.schoolofrock.com,brooklyn
broomfield.schoolofrock.com,broomfield
burbank.schoolofrock.com,burbank
northhollywood.schoolofrock.com,burbank
hollywood.schoolofrock.com,burbank
campinas.schoolofrock.com,campinas
campinas.schoolofrock.com.br,campinas
carmel.schoolofrock.com,carmel
cary.schoolofrock.com,cary
castleshannon.schoolofrock.com,castleshannon
charlotte.schoolofrock.com,charlotte
chatham.schoolofrock.com,chatham
cherryhill.schoolofrock.com,cherryhill
chicago.schoolofrock.com,chicago
claremont.schoolofrock.com,claremont
clark.schoolofrock.com,clark
clearlake.schoolofrock.com,clearlake
columbia.schoolofrock.com,columbia
coralsprings.schoolofrock.com,coralsprings
cypress.schoolofrock.com,cypress
dallas.schoolofrock.com,dallas
denver.schoolofrock.com,denver
downingtown.schoolofrock.com,downingtown
doylestown.schoolofrock.com,doylestown
dublin.schoolofrock.com,dublin
eastbrunswick.schoolofrock.com,eastbrunswick
eastcobb.schoolofrock.com,eastcobb
easton.schoolofrock.com,easton
edenprairie.schoolofrock.com,edenprairie
elmhurst.schoolofrock.com,elmhurst
encinitas.schoolofrock.com,encinitas
evanston.schoolofrock.com,evanston
fairfax.schoolofrock.com,fairfax
fairfield.schoolofrock.com,fairfield
farmingdale.schoolofrock.com,farmingdale
farmington.schoolofrock.com,farmington
flowermound.schoolofrock.com,flowermound
fortwashington.schoolofrock.com,fortwashington
fortworth.schoolofrock.com,fortworth
franklin.schoolofrock.com,franklin
frisco.schoolofrock.com,frisco
gambrills.schoolofrock.com,gambrills
geneva.schoolofrock.com,geneva
germantown.schoolofrock.com,germantown
gilbert.schoolofrock.com,gilbert
glenellyn.schoolofrock.com,glenellyn
greenvalley.schoolofrock.com,greenvalley
guadalajara.schoolofrock.com,guadalajara
highlandheights.schoolofrock.com,highlandheights
highwood.schoolofrock.com,highwood
williamsbay.schoolofrock.com,highwood
hinsdale.schoolofrock.com,hinsdale
huntingtonbeach.schoolofrock.com,huntingtonbeach
issaquah.schoolofrock.com,issaquah
johnscreek.schoolofrock.com,johnscreek
kansascity.schoolofrock.com,kansascity
katy.schoolofrock.com,katy
kingwood.schoolofrock.com,kingwood
kirkwood.schoolofrock.com,kirkwood
kw.schoolofrock.com,waterloo
kitchener.schoolofrock.com,waterloo
waterloo.schoolofrock.com,waterloo
knoxville.schoolofrock.com,knoxville
lakeoswego.schoolofrock.com,lakeoswego
lasvegaswest.schoolofrock.com,lasvegaswest
summerlin.schoolofrock.com,lasvegaswest
leessummit.schoolofrock.com,leessummit
littleton.schoolofrock.com,littleton
lomasverdes.schoolofrock.com,lomasverdes
lubbock.schoolofrock.com,lubbock
lynn.schoolofrock.com,lynn
macarthur.schoolofrock.com,macarthur
madison.schoolofrock.com,madison
mainline.schoolofrock.com,mainline
mamaroneck.schoolofrock.com,mamaroneck
mansfield.schoolofrock.com,mansfield
markham.schoolofrock.com,markham
monmouth.schoolofrock.com,marlboro
marlboro.schoolofrock.com,marlboro
mason.schoolofrock.com,mason
mckinney.schoolofrock.com,mckinney
memphis.schoolofrock.com,memphis
metepec.schoolofrock.com,metepec
miami.schoolofrock.com,miami
midlothian.schoolofrock.com,midlothian
mokena.schoolofrock.com,mokena
montclair.schoolofrock.com,montclair
naperville.schoolofrock.com,naperville
nashville.schoolofrock.com,nashville
newcanaan.schoolofrock.com,newcanaan
newyork.schoolofrock.com,newyorkcity
newyorkcity.schoolofrock.com,newyorkcity
nyc.schoolofrock.com,newyorkcity
newtown.schoolofrock.com,newtown
norfolk.schoolofrock.com,norfolk
northpalmbeach.schoolofrock.com,northpalmbeach
norwood-walpole.schoolofrock.com,norwood
norwood.schoolofrock.com,norwood
walpole.schoolofrock.com,norwood
oakpark.schoolofrock.com,oakpark
oceanside.schoolofrock.com,oceanside
vista.schoolofrock.com,oceanside
omaha.schoolofrock.com,omaha
orangeburg.schoolofrock.com,orangeburg
orleans.schoolofrock.com,orleans
overlandpark.schoolofrock.com,overlandpark
oviedo.schoolofrock.com,oviedo
paloalto.schoolofrock.com,paloalto
panamacity.schoolofrock.com,panama
panama.schoolofrock.com,panama
panama.schoolofrock.com.pa,panama
pedregal.schoolofrock.com,pedregal
philadelphia.schoolofrock.com,philadelphia
philippines.schoolofrock.com,philippines
manila.schoolofrock.com,philippines
plainfield.schoolofrock.com,plainfield
portjefferson.schoolofrock.com,portjefferson
portland.schoolofrock.com,portland
princeton.schoolofrock.com,princeton
randolph.schoolofrock.com,randolph
longvalley.schoolofrock.com,randolph
redbank.schoolofrock.com,redbank
rochester.schoolofrock.com,rochester
rockvillecentre.schoolofrock.com,rockvillecentre
rockvillecenter.schoolofrock.com,rockvillecentre
rockwall.schoolofrock.com,rockwall
rockyriver.schoolofrock.com,rockyriver
roslyn.schoolofrock.com,roslyn
saddlebrook.schoolofrock.com,saddlebrook
saltillo.schoolofrock.com,saltillo
sanantonio.schoolofrock.com,sanantonio
stoneoak.schoolofrock.com,sanantonio
sandiego.schoolofrock.com,sandiego
sanjose.schoolofrock.com,sanjose
sanmateo.schoolofrock.com,sanmateo
sanpedro.schoolofrock.com,sanpedro
sanramon.schoolofrock.com,sanramon
sandy.schoolofrock.com,sandy
santiago.schoolofrock.com,santiago
saocaetanodosul.schoolofrock.com,saocaetanodosul
saocaetanodosul.schoolofrock.com.br,saocaetanodosul
saopaulomoema.schoolofrock.com,saopaulomoema
saopaulomoema.schoolofrock.com.br,saopaulomoema
spmoema.schoolofrock.com.br,saopaulomoema
scottsdale.schoolofrock.com,scottsdale
seattle.schoolofrock.com,seattle
seekonk.schoolofrock.com,seekonk
shorewood.schoolofrock.com,shorewood
shortpump.schoolofrock.com,shortpump
glenallen.schoolofrock.com,shortpump
silverspring.schoolofrock.com,silverspring
somerville.schoolofrock.com,somerville
southbayla.schoolofrock.com,southbayla
southpalmbeach.schoolofrock.com,southpalmbeach
southlake.schoolofrock.com,southlake
southlakekeller.schoolofrock.com,southlake
keller.schoolofrock.com,southlake
springfield.schoolofrock.com,springfield
stpaul.schoolofrock.com,stpaul
strongsville.schoolofrock.com,strongsville
sugarland.schoolofrock.com,sugarland
tampa.schoolofrock.com,tampa
tenafly.schoolofrock.com,tenafly
woodlands.schoolofrock.com,thewoodlands
thewoodlands.schoolofrock.com,thewoodlands
tustin.schoolofrock.com,tustin
venice.schoolofrock.com,venice
viacordillera.schoolofrock.com,viacordillera
cumbres.schoolofrock.com,viacordillera
cumbres.schoolofrock.mx,viacordillera
vienna.schoolofrock.com,vienna
virginiabeach.schoolofrock.com,virginiabeach
vb.schoolofrock.com,virginiabeach
waldwick.schoolofrock.com,waldwick
wayne.schoolofrock.com,wayne
westbroward.schoolofrock.com,westbroward
westla.schoolofrock.com,westla
westseattle.schoolofrock.com,westseattle
wexford.schoolofrock.com,wexford
wichita.schoolofrock.com,wichita
wilmington.schoolofrock.com,wilmington
woodlandhills.schoolofrock.com,woodlandhills
eagle.schoolofrock.com,ahwatukee
burnsville.schoolofrock.com,albany
shelton.schoolofrock.com,albuquerque
santaclarita.schoolofrock.com,santaclarita
attleboro.schoolofrock.com,attleboro
fortwayne.schoolofrock.com,fortwayne
temecula.schoolofrock.com,temecula
winnipeg.schoolofrock.com,winnipeg
championforest.schoolofrock.com,championforest
www.ahwatukee.schoolofrock.com,ahwatukee
www.albany.schoolofrock.com,albany
www.albuquerque.schoolofrock.com,albuquerque
www.allentown.schoolofrock.com,allentown
www.annarbor.schoolofrock.com,annarbor
www.annapolis.schoolofrock.com,annapolis
www.arlingtonheights.schoolofrock.com,arlingtonheights
www.ashburn.schoolofrock.com,ashburn
www.atlanta.schoolofrock.com,atlanta
www.aurora.schoolofrock.com,aurora
www.austin.schoolofrock.com,austin
www.ballwin.schoolofrock.com,ballwin
www.baltimore.schoolofrock.com,baltimore
www.bedford.schoolofrock.com,bedford
www.westchester.schoolofrock.com,bedford
www.bellevue.schoolofrock.com,bellevue
www.bentonvillerogers.schoolofrock.com,rogers
www.bentonville.schoolofrock.com,rogers
www.rogers.schoolofrock.com,rogers
www.boston.schoolofrock.com,boston
www.boulder.schoolofrock.com,boulder
www.brooklyn.schoolofrock.com,brooklyn
www.broomfield.schoolofrock.com,broomfield
www.burbank.schoolofrock.com,burbank
www.northhollywood.schoolofrock.com,burbank
www.hollywood.schoolofrock.com,burbank
www.campinas.schoolofrock.com,campinas
www.campinas.schoolofrock.com.br,campinas
www.carmel.schoolofrock.com,carmel
www.cary.schoolofrock.com,cary
www.castleshannon.schoolofrock.com,castleshannon
www.charlotte.schoolofrock.com,charlotte
www.chatham.schoolofrock.com,chatham
www.cherryhill.schoolofrock.com,cherryhill
www.chicago.schoolofrock.com,chicago
www.claremont.schoolofrock.com,claremont
www.clark.schoolofrock.com,clark
www.clearlake.schoolofrock.com,clearlake
www.columbia.schoolofrock.com,columbia
www.coralsprings.schoolofrock.com,coralsprings
www.cypress.schoolofrock.com,cypress
www.dallas.schoolofrock.com,dallas
www.denver.schoolofrock.com,denver
www.downingtown.schoolofrock.com,downingtown
www.doylestown.schoolofrock.com,doylestown
www.dublin.schoolofrock.com,dublin
www.eastbrunswick.schoolofrock.com,eastbrunswick
www.eastcobb.schoolofrock.com,eastcobb
www.easton.schoolofrock.com,easton
www.edenprairie.schoolofrock.com,edenprairie
www.elmhurst.schoolofrock.com,elmhurst
www.encinitas.schoolofrock.com,encinitas
www.evanston.schoolofrock.com,evanston
www.fairfax.schoolofrock.com,fairfax
www.fairfield.schoolofrock.com,fairfield
www.farmingdale.schoolofrock.com,farmingdale
www.farmington.schoolofrock.com,farmington
www.flowermound.schoolofrock.com,flowermound
www.fortwashington.schoolofrock.com,fortwashington
www.fortworth.schoolofrock.com,fortworth
www.franklin.schoolofrock.com,franklin
www.frisco.schoolofrock.com,frisco
www.gambrills.schoolofrock.com,gambrills
www.geneva.schoolofrock.com,geneva
www.germantown.schoolofrock.com,germantown
www.gilbert.schoolofrock.com,gilbert
www.glenellyn.schoolofrock.com,glenellyn
www.greenvalley.schoolofrock.com,greenvalley
www.guadalajara.schoolofrock.com,guadalajara
www.highlandheights.schoolofrock.com,highlandheights
www.highwood.schoolofrock.com,highwood
www.williamsbay.schoolofrock.com,highwood
www.hinsdale.schoolofrock.com,hinsdale
www.huntingtonbeach.schoolofrock.com,huntingtonbeach
www.issaquah.schoolofrock.com,issaquah
www.johnscreek.schoolofrock.com,johnscreek
www.kansascity.schoolofrock.com,kansascity
www.katy.schoolofrock.com,katy
www.kingwood.schoolofrock.com,kingwood
www.kirkwood.schoolofrock.com,kirkwood
www.kw.schoolofrock.com,waterloo
www.kitchener.schoolofrock.com,waterloo
www.waterloo.schoolofrock.com,waterloo
www.knoxville.schoolofrock.com,knoxville
www.lakeoswego.schoolofrock.com,lakeoswego
www.lasvegaswest.schoolofrock.com,lasvegaswest
www.summerlin.schoolofrock.com,lasvegaswest
www.leessummit.schoolofrock.com,leessummit
www.littleton.schoolofrock.com,littleton
www.lomasverdes.schoolofrock.com,lomasverdes
www.lubbock.schoolofrock.com,lubbock
www.lynn.schoolofrock.com,lynn
www.macarthur.schoolofrock.com,macarthur
www.madison.schoolofrock.com,madison
www.mainline.schoolofrock.com,mainline
www.mamaroneck.schoolofrock.com,mamaroneck
www.mansfield.schoolofrock.com,mansfield
www.markham.schoolofrock.com,markham
www.monmouth.schoolofrock.com,marlboro
www.marlboro.schoolofrock.com,marlboro
www.mason.schoolofrock.com,mason
www.mckinney.schoolofrock.com,mckinney
www.memphis.schoolofrock.com,memphis
www.metepec.schoolofrock.com,metepec
www.miami.schoolofrock.com,miami
www.midlothian.schoolofrock.com,midlothian
www.mokena.schoolofrock.com,mokena
www.montclair.schoolofrock.com,montclair
www.naperville.schoolofrock.com,naperville
www.nashville.schoolofrock.com,nashville
www.newcanaan.schoolofrock.com,newcanaan
www.newyork.schoolofrock.com,newyorkcity
www.newyorkcity.schoolofrock.com,newyorkcity
www.nyc.schoolofrock.com,newyorkcity
www.newtown.schoolofrock.com,newtown
www.norfolk.schoolofrock.com,norfolk
www.northpalmbeach.schoolofrock.com,northpalmbeach
www.norwood-walpole.schoolofrock.com,norwood
www.norwood.schoolofrock.com,norwood
www.walpole.schoolofrock.com,norwood
www.oakpark.schoolofrock.com,oakpark
www.oceanside.schoolofrock.com,oceanside
www.vista.schoolofrock.com,oceanside
www.omaha.schoolofrock.com,omaha
www.orangeburg.schoolofrock.com,orangeburg
www.orleans.schoolofrock.com,orleans
www.overlandpark.schoolofrock.com,overlandpark
www.oviedo.schoolofrock.com,oviedo
www.paloalto.schoolofrock.com,paloalto
www.panamacity.schoolofrock.com,panama
www.panama.schoolofrock.com,panama
www.panama.schoolofrock.com.pa,panama
www.pedregal.schoolofrock.com,pedregal
www.philadelphia.schoolofrock.com,philadelphia
www.philippines.schoolofrock.com,philippines
www.manila.schoolofrock.com,philippines
www.plainfield.schoolofrock.com,plainfield
www.portjefferson.schoolofrock.com,portjefferson
www.portland.schoolofrock.com,portland
www.princeton.schoolofrock.com,princeton
www.randolph.schoolofrock.com,randolph
www.longvalley.schoolofrock.com,randolph
www.redbank.schoolofrock.com,redbank
www.rochester.schoolofrock.com,rochester
www.rockvillecentre.schoolofrock.com,rockvillecentre
www.rockvillecenter.schoolofrock.com,rockvillecentre
www.rockwall.schoolofrock.com,rockwall
www.rockyriver.schoolofrock.com,rockyriver
www.roslyn.schoolofrock.com,roslyn
www.saddlebrook.schoolofrock.com,saddlebrook
www.saltillo.schoolofrock.com,saltillo
www.sanantonio.schoolofrock.com,sanantonio
www.stoneoak.schoolofrock.com,sanantonio
www.sandiego.schoolofrock.com,sandiego
www.sanjose.schoolofrock.com,sanjose
www.sanmateo.schoolofrock.com,sanmateo
www.sanpedro.schoolofrock.com,sanpedro
www.sanramon.schoolofrock.com,sanramon
www.sandy.schoolofrock.com,sandy
www.santiago.schoolofrock.com,santiago
www.saocaetanodosul.schoolofrock.com,saocaetanodosul
www.saocaetanodosul.schoolofrock.com.br,saocaetanodosul
www.saopaulomoema.schoolofrock.com,saopaulomoema
www.saopaulomoema.schoolofrock.com.br,saopaulomoema
www.spmoema.schoolofrock.com.br,saopaulomoema
www.scottsdale.schoolofrock.com,scottsdale
www.seattle.schoolofrock.com,seattle
www.seekonk.schoolofrock.com,seekonk
www.shorewood.schoolofrock.com,shorewood
www.shortpump.schoolofrock.com,shortpump
www.glenallen.schoolofrock.com,shortpump
www.silverspring.schoolofrock.com,silverspring
www.somerville.schoolofrock.com,somerville
www.southbayla.schoolofrock.com,southbayla
www.southpalmbeach.schoolofrock.com,southpalmbeach
www.southlake.schoolofrock.com,southlake
www.southlakekeller.schoolofrock.com,southlake
www.keller.schoolofrock.com,southlake
www.springfield.schoolofrock.com,springfield
www.stpaul.schoolofrock.com,stpaul
www.strongsville.schoolofrock.com,strongsville
www.sugarland.schoolofrock.com,sugarland
www.tampa.schoolofrock.com,tampa
www.tenafly.schoolofrock.com,tenafly
www.woodlands.schoolofrock.com,thewoodlands
www.thewoodlands.schoolofrock.com,thewoodlands
www.tustin.schoolofrock.com,tustin
www.venice.schoolofrock.com,venice
www.viacordillera.schoolofrock.com,viacordillera
www.cumbres.schoolofrock.com,viacordillera
www.cumbres.schoolofrock.mx,viacordillera
www.vienna.schoolofrock.com,vienna
www.virginiabeach.schoolofrock.com,virginiabeach
www.vb.schoolofrock.com,virginiabeach
www.waldwick.schoolofrock.com,waldwick
www.wayne.schoolofrock.com,wayne
www.westbroward.schoolofrock.com,westbroward
www.westla.schoolofrock.com,westla
www.westseattle.schoolofrock.com,westseattle
www.wexford.schoolofrock.com,wexford
www.wichita.schoolofrock.com,wichita
www.wilmington.schoolofrock.com,wilmington
www.woodlandhills.schoolofrock.com,woodlandhills
www.eagle.schoolofrock.com,ahwatukee
www.burnsville.schoolofrock.com,albany
www.shelton.schoolofrock.com,albuquerque
www.santaclarita.schoolofrock.com,santaclarita
www.attleboro.schoolofrock.com,attleboro
www.fortwayne.schoolofrock.com,fortwayne
www.temecula.schoolofrock.com,temecula
www.winnipeg.schoolofrock.com,winnipeg
www.championforest.schoolofrock.com,championforest